[{"model": "baykeshop.baykeproductspecoption", "pk": 1, "fields": {"add_date": "2023-04-28T05:43:39.810Z", "pub_date": "2023-04-28T05:43:39.810Z", "site": null, "is_del": false, "spec": 1, "name": "红色"}}, {"model": "baykeshop.baykeproductspecoption", "pk": 2, "fields": {"add_date": "2023-04-28T05:43:39.811Z", "pub_date": "2023-04-28T05:43:39.811Z", "site": null, "is_del": false, "spec": 1, "name": "绿色"}}, {"model": "baykeshop.baykeproductspecoption", "pk": 3, "fields": {"add_date": "2023-05-04T01:46:52.088Z", "pub_date": "2023-05-04T01:46:52.088Z", "site": null, "is_del": false, "spec": 2, "name": "L"}}, {"model": "baykeshop.baykeproductspecoption", "pk": 4, "fields": {"add_date": "2023-05-04T01:46:52.091Z", "pub_date": "2023-05-04T01:46:52.091Z", "site": null, "is_del": false, "spec": 2, "name": "XXL"}}, {"model": "baykeshop.baykeproductspecoption", "pk": 5, "fields": {"add_date": "2023-05-04T01:46:52.092Z", "pub_date": "2023-05-04T01:46:52.092Z", "site": null, "is_del": false, "spec": 2, "name": "XL"}}]