[{"model": "baykeshop.baykeproductsku", "pk": 1, "fields": {"add_date": "2023-04-28T05:45:47.071Z", "pub_date": "2023-05-15T05:04:56.856Z", "site": null, "is_del": false, "pic": "product/2023/36f0af5570cd4b0e7e54eb90ec80890c.jpg", "price": "123.00", "cost_price": "198.00", "stock": 107, "sales": 13, "item_id": null, "weight": 0, "volume": 0, "is_release": true, "spu": 1, "options": [3, 2]}}, {"model": "baykeshop.baykeproductsku", "pk": 2, "fields": {"add_date": "2023-05-04T01:48:09.254Z", "pub_date": "2023-05-15T06:36:35.369Z", "site": null, "is_del": false, "pic": "product/2023/d3bcf25cebac58b28df7cab9b0f3d246.jpg", "price": "136.00", "cost_price": "256.00", "stock": 133, "sales": 3, "item_id": null, "weight": 0, "volume": 0, "is_release": true, "spu": 1, "options": [5, 1]}}, {"model": "baykeshop.baykeproductsku", "pk": 3, "fields": {"add_date": "2023-05-15T08:12:53.634Z", "pub_date": "2023-05-15T09:33:12.419Z", "site": null, "is_del": false, "pic": "product/2023/d028bd2c4cc02646d385995e545796bc.jpg", "price": "128.00", "cost_price": "156.00", "stock": 148, "sales": 2, "item_id": null, "weight": 0, "volume": 0, "is_release": true, "spu": 2, "options": []}}, {"model": "baykeshop.baykeproductsku", "pk": 4, "fields": {"add_date": "2023-05-15T08:14:07.973Z", "pub_date": "2023-05-15T09:33:07.686Z", "site": null, "is_del": false, "pic": "product/2023/O1CN01z2RkuX1XLS3YFgZaW_2200771672907.jpg", "price": "365.00", "cost_price": "398.00", "stock": 233, "sales": 3, "item_id": null, "weight": 0, "volume": 0, "is_release": true, "spu": 3, "options": []}}]