[{"model": "baykeshop.baykeproductspu", "pk": 1, "fields": {"add_date": "2023-04-28T05:45:47.061Z", "pub_date": "2023-05-16T03:02:23.944Z", "site": null, "is_del": false, "title": "索尼（SONY）WH-H910N 蓝牙降噪无线耳机 头戴式Hi-Res音质游戏耳机 手机耳机（hear系列 灰绿色 ）", "desc": "首页banner下广告", "keywords": "python，python开发，python教程", "content": "<p>萨达实打实大</p>\r\n<p><img src=\"../../../../../media/upload/21e596dc697f4f37abe4d113d1af1edd.jpg\" alt=\"\" width=\"800\" height=\"800\"></p>", "after_sale": "啊实打实打撒", "pic": "goods/2023/32ecbf6f6143130a3accd3ae466af63e.jpg", "freight": "0.00", "cates": [3, 2]}}, {"model": "baykeshop.baykeproductspu", "pk": 2, "fields": {"add_date": "2023-05-15T08:12:53.625Z", "pub_date": "2023-05-15T08:12:53.625Z", "site": null, "is_del": false, "title": "测试的商品", "desc": "测试的商品测试的商品", "keywords": "测试的商品测试的商品测试的商品", "content": "测试的商品测试的商品测试的商品测试的商品测试的商品测试的商品测试的商品测试的商品测试的商品测试的商品测试的商品测试的商品测试的商品测试的商品测试的商品测试的商品测试的商品测试的商品", "after_sale": "测试的商品测试的商品测试的商品测试的商品测试的商品测试的商品测试的商品测试的商品测试的商品测试的商品测试的商品测试的商品测试的商品测试的商品测试的商品测试的商品测试的商品", "pic": "goods/2023/d028bd2c4cc02646d385995e545796bc.jpg", "freight": "2.00", "cates": [5]}}, {"model": "baykeshop.baykeproductspu", "pk": 3, "fields": {"add_date": "2023-05-15T08:14:07.965Z", "pub_date": "2023-05-15T08:14:07.965Z", "site": null, "is_del": false, "title": "电脑标题测试", "desc": "电脑标题测试电脑标题测试", "keywords": "电脑标题测试电脑标题测试电脑标题测试", "content": "电脑标题测试电脑标题测试电脑标题测试电脑标题测试电脑标题测试电脑标题测试电脑标题测试电脑标题测试电脑标题测试电脑标题测试电脑标题测试电脑标题测试电脑标题测试电脑标题测试电脑标题测试电脑标题测试电脑标题测试电脑标题测试电脑标题测试电脑标题测试电脑标题测试电脑标题测试电脑标题测试电脑标题测试电脑标题测试电脑标题测试", "after_sale": "电脑标题测试电脑标题测试电脑标题测试电脑标题测试电脑标题测试电脑标题测试电脑标题测试电脑标题测试电脑标题测试电脑标题测试电脑标题测试电脑标题测试", "pic": "goods/2023/d7a95350679865a4c087e1b936d33e36.jpg", "freight": "1.00", "cates": [5]}}]