[{"model": "baykeshop.baykeproductbanner", "pk": 1, "fields": {"add_date": "2023-04-28T05:45:47.068Z", "pub_date": "2023-04-28T05:45:47.068Z", "site": null, "is_del": false, "img": "upload/5760854ca42453cbe936a785e24152eb.jpg", "desc": "", "spu": 1}}, {"model": "baykeshop.baykeproductbanner", "pk": 2, "fields": {"add_date": "2023-04-28T05:45:47.070Z", "pub_date": "2023-04-28T05:45:47.070Z", "site": null, "is_del": false, "img": "upload/c58603a064d06392dd1453edcb0d6607.jpg", "desc": "", "spu": 1}}, {"model": "baykeshop.baykeproductbanner", "pk": 3, "fields": {"add_date": "2023-05-15T08:12:53.631Z", "pub_date": "2023-05-15T08:12:53.631Z", "site": null, "is_del": false, "img": "upload/e56244892796c5b8464b83bca60380b5.jpg", "desc": "", "spu": 2}}, {"model": "baykeshop.baykeproductbanner", "pk": 4, "fields": {"add_date": "2023-05-15T08:12:53.633Z", "pub_date": "2023-05-15T08:12:53.633Z", "site": null, "is_del": false, "img": "upload/c58603a064d06392dd1453edcb0d6607_VHOzcX9.jpg", "desc": "", "spu": 2}}, {"model": "baykeshop.baykeproductbanner", "pk": 5, "fields": {"add_date": "2023-05-15T08:14:07.970Z", "pub_date": "2023-05-15T08:14:07.970Z", "site": null, "is_del": false, "img": "upload/O1CN01G08Ojn1XLS3Ze6NWh_2200771672907.jpg", "desc": "", "spu": 3}}, {"model": "baykeshop.baykeproductbanner", "pk": 6, "fields": {"add_date": "2023-05-15T08:14:07.972Z", "pub_date": "2023-05-15T08:14:07.972Z", "site": null, "is_del": false, "img": "upload/O1CN01UNdPv61XLS3eFeCp8_2200771672907.jpg", "desc": "", "spu": 3}}]