[{"model": "baykeshop.baykearticle", "pk": 1, "fields": {"add_date": "2023-05-15T12:20:12.575Z", "pub_date": "2023-05-16T03:00:03.027Z", "site": null, "is_del": false, "title": "测试文章内容", "desc": "测试文章内容", "keywords": "测试文章内容", "content": "<p>测试文章内容测试文章内容测试文章内容测试文章内容测试文章内容测试文章内容测试文章内容测试文章内容测试文章内容测试文章内容测试文章内容测试文章内容测试文章内容测试文章内容测试文章内容测试文章内容测试文章内容测试文章内容测试文章内容测试文章内容测试文章内容测试文章内容测试文章内容测试文章内容</p>\r\n<p><img src=\"../../../../../media/upload/665e0b6abc22492883583511390e2583.jpg\" alt=\"\" width=\"800\" height=\"800\"></p>", "category": 1, "tags": [1]}}, {"model": "baykeshop.baykearticle", "pk": 2, "fields": {"add_date": "2023-05-15T13:34:53.238Z", "pub_date": "2023-05-15T13:34:53.238Z", "site": null, "is_del": false, "title": "Django 提供了高级和低级的方法来帮助你管理分页数据", "desc": "Django 提供了高级和低级的方法来帮助你管理分页数据", "keywords": "Django 提供了高级和低级的方法来帮助你管理分页数据", "content": "Django 提供了高级和低级的方法来帮助你管理分页数据Django 提供了高级和低级的方法来帮助你管理分页数据Django 提供了高级和低级的方法来帮助你管理分页数据Django 提供了高级和低级的方法来帮助你管理分页数据Django 提供了高级和低级的方法来帮助你管理分页数据Django 提供了高级和低级的方法来帮助你管理分页数据Django 提供了高级和低级的方法来帮助你管理分页数据Django 提供了高级和低级的方法来帮助你管理分页数据Django 提供了高级和低级的方法来帮助你管理分页数据Django 提供了高级和低级的方法来帮助你管理分页数据Django 提供了高级和低级的方法来帮助你管理分页数据Django 提供了高级和低级的方法来帮助你管理分页数据Django 提供了高级和低级的方法来帮助你管理分页数据Django 提供了高级和低级的方法来帮助你管理分页数据Django 提供了高级和低级的方法来帮助你管理分页数据Django 提供了高级和低级的方法来帮助你管理分页数据Django 提供了高级和低级的方法来帮助你管理分页数据Django 提供了高级和低级的方法来帮助你管理分页数据Django 提供了高级和低级的方法来帮助你管理分页数据Django 提供了高级和低级的方法来帮助你管理分页数据", "category": 1, "tags": [1]}}]