[{"model": "baykeshop.baykeproductcategory", "pk": 1, "fields": {"add_date": "2023-04-28T05:41:39.189Z", "pub_date": "2023-04-28T06:58:30.517Z", "site": null, "is_del": false, "name": "家用电器", "icon": "", "desc": "", "keywords": "", "parent": null, "pic": "product/cate/123.png", "is_nav": true}}, {"model": "baykeshop.baykeproductcategory", "pk": 2, "fields": {"add_date": "2023-04-28T05:41:39.193Z", "pub_date": "2023-04-28T05:41:39.193Z", "site": null, "is_del": false, "name": "扫地机", "icon": "", "desc": "", "keywords": "", "parent": 1, "pic": "default/cate.png", "is_nav": true}}, {"model": "baykeshop.baykeproductcategory", "pk": 3, "fields": {"add_date": "2023-04-28T05:41:39.194Z", "pub_date": "2023-04-28T05:41:39.194Z", "site": null, "is_del": false, "name": "挂烫机", "icon": "", "desc": "", "keywords": "", "parent": 1, "pic": "default/cate.png", "is_nav": true}}, {"model": "baykeshop.baykeproductcategory", "pk": 4, "fields": {"add_date": "2023-04-28T07:22:35.617Z", "pub_date": "2023-04-28T07:22:35.617Z", "site": null, "is_del": false, "name": "办公设备", "icon": "", "desc": "", "keywords": "", "parent": null, "pic": "product/cate/d2a316f8e8dd3b8ba4335c8197fb4ff2.png", "is_nav": true}}, {"model": "baykeshop.baykeproductcategory", "pk": 5, "fields": {"add_date": "2023-04-28T07:22:35.620Z", "pub_date": "2023-04-28T07:22:35.620Z", "site": null, "is_del": false, "name": "电脑", "icon": "", "desc": "", "keywords": "", "parent": 4, "pic": "default/cate.png", "is_nav": true}}, {"model": "baykeshop.baykeproductcategory", "pk": 6, "fields": {"add_date": "2023-04-28T07:22:35.621Z", "pub_date": "2023-04-28T07:22:35.621Z", "site": null, "is_del": false, "name": "打印机", "icon": "", "desc": "", "keywords": "", "parent": 4, "pic": "default/cate.png", "is_nav": true}}, {"model": "baykeshop.baykeproductcategory", "pk": 7, "fields": {"add_date": "2023-04-28T07:22:35.621Z", "pub_date": "2023-04-28T07:22:35.621Z", "site": null, "is_del": false, "name": "打印纸", "icon": "", "desc": "", "keywords": "", "parent": 4, "pic": "default/cate.png", "is_nav": true}}]