[{"model": "flatpages.flatpage", "pk": 1, "fields": {"url": "/about/", "title": "关于我们", "content": "<p>全部内容由郑哲昊一人独立完成</p>\r\n<p><img src=\"../../../../../media/upload/1d57cdf6b26a4c2d8a9d6664156ce279.jpg\" alt=\"\" width=\"800\" height=\"800\"></p>", "enable_comments": false, "template_name": "", "registration_required": false, "sites": [1]}}, {"model": "flatpages.flatpage", "pk": 2, "fields": {"url": "/faq/after/", "title": "售后说明", "content": "售后说明售后说明售后说明售后说明售后说明售后说明售后说明售后说明售后说明售后说明售后说明售后说明售后说明售后说明售后说明售后说明售后说明售后说明售后说明售后说明售后说明售后说明售后说明售后说明售后说明售后说明", "enable_comments": false, "template_name": "", "registration_required": false, "sites": [1]}}, {"model": "flatpages.flatpage", "pk": 3, "fields": {"url": "/faq/pay/", "title": "支付问题", "content": "支付问题支付问题支付问题支付问题支付问题支付问题支付问题支付问题支付问题支付问题支付问题支付问题支付问题支付问题支付问题支付问题支付问题支付问题支付问题支付问题支付问题支付问题支付问题支付问题支付问题支付问题支付问题支付问题支付问题支付问题支付问题支付问题", "enable_comments": false, "template_name": "", "registration_required": false, "sites": [1]}}, {"model": "flatpages.flatpage", "pk": 4, "fields": {"url": "/newbie/flow/", "title": "购物流程", "content": "购物流程购物流程购物流程购物流程购物流程购物流程购物流程购物流程购物流程购物流程购物流程购物流程购物流程购物流程购物流程购物流程购物流程购物流程购物流程购物流程购物流程购物流程购物流程购物流程购物流程购物流程购物流程购物流程购物流程购物流程购物流程购物流程购物流程购物流程购物流程购物流程购物流程购物流程购物流程购物流程购物流程购物流程购物流程购物流程购物流程购物流程", "enable_comments": false, "template_name": "", "registration_required": false, "sites": [1]}}, {"model": "flatpages.flatpage", "pk": 5, "fields": {"url": "/newbie/payment/", "title": "支付方式", "content": "支付方式支付方式支付方式支付方式支付方式支付方式支付方式支付方式支付方式支付方式支付方式支付方式支付方式支付方式支付方式支付方式支付方式支付方式支付方式支付方式支付方式支付方式支付方式支付方式支付方式支付方式支付方式支付方式支付方式支付方式支付方式支付方式支付方式支付方式支付方式支付方式支付方式支付方式支付方式支付方式支付方式支付方式支付方式支付方式支付方式支付方式支付方式支付方式支付方式支付方式", "enable_comments": false, "template_name": "", "registration_required": false, "sites": [1]}}, {"model": "flatpages.flatpage", "pk": 6, "fields": {"url": "/serve/refund/", "title": "退款流程", "content": "退款流程退款流程退款流程退款流程退款流程退款流程退款流程退款流程退款流程退款流程退款流程退款流程退款流程退款流程退款流程退款流程退款流程退款流程退款流程退款流程退款流程退款流程退款流程退款流程退款流程退款流程退款流程退款流程退款流程退款流程退款流程退款流程退款流程退款流程退款流程退款流程退款流程退款流程退款流程退款流程退款流程退款流程退款流程", "enable_comments": false, "template_name": "", "registration_required": false, "sites": [1]}}, {"model": "flatpages.flatpage", "pk": 7, "fields": {"url": "/serve/return/", "title": "退货政策", "content": "退货政策退货政策退货政策退货政策退货政策退货政策退货政策退货政策退货政策退货政策退货政策退货政策退货政策退货政策退货政策退货政策退货政策退货政策退货政策退货政策退货政策退货政策退货政策退货政策退货政策退货政策退货政策退货政策退货政策退货政策退货政策退货政策退货政策退货政策", "enable_comments": false, "template_name": "", "registration_required": false, "sites": [1]}}]